Year,State,District,Yield_kg_per_hectare
2023,Andaman And Nicobar Islands,North And Middle Andaman,2000.0
2023,Andaman And Nicobar Islands,North And Middle Andaman,2000.0
2023,Andhra Pradesh,Alluri Sitharama Raju,1769.2307692307693
2023,Andhra Pradesh,Alluri Sitharama Raju,3000.0
2023,Andhra Pradesh,Alluri Sitharama Raju,1792.4528301886792
2023,Andhra Pradesh,Anakapalli,2577.777777777778
2023,Andhra Pradesh,Anakapalli,4000.0
2023,Andhra Pradesh,Anakapalli,2608.695652173913
2023,Andhra Pradesh,Anantapur,3545.4545454545455
2023,Andhra Pradesh,Anantapur,3333.3333333333335
2023,Andhra Pradesh,Anantapur,3520.0
2023,Andhra Pradesh,Annamayya,3666.666666666667
2023,Andhra Pradesh,Annamayya,3333.3333333333335
2023,Andhra Pradesh,Annamayya,3384.6153846153843
2023,Andhra Pradesh,Bapatla,3465.1162790697676
2023,Andhra Pradesh,Bapatla,2999.9999999999995
2023,Andhra Pradesh,Bapatla,3430.1075268817203
2023,Andhra Pradesh,Chittoor,3750.0
2023,Andhra Pradesh,Chittoor,3857.142857142857
2023,Andhra Pradesh,Chittoor,3625.0
2023,Andhra Pradesh,Dr. B.R. Ambedkar Konaseema,3531.25
2023,Andhra Pradesh,Dr. B.R. Ambedkar Konaseema,5057.971014492754
2023,Andhra Pradesh,Dr. B.R. Ambedkar Konaseema,4323.308270676692
2023,Andhra Pradesh,East Godavari,4138.888888888889
2023,Andhra Pradesh,East Godavari,5249.999999999999
2023,Andhra Pradesh,East Godavari,4661.417322834645
2023,Andhra Pradesh,Eluru,4215.189873417721
2023,Andhra Pradesh,Eluru,5125.0
2023,Andhra Pradesh,Eluru,4437.5
2023,Andhra Pradesh,Guntur,3781.8181818181815
2023,Andhra Pradesh,Guntur,inf
2023,Andhra Pradesh,Guntur,3732.142857142857
2023,Andhra Pradesh,Kakinada,3602.409638554217
2023,Andhra Pradesh,Kakinada,5015.384615384615
2023,Andhra Pradesh,Kakinada,4222.972972972973
2023,Andhra Pradesh,Krishna,3947.3684210526317
2023,Andhra Pradesh,Krishna,4250.0
2023,Andhra Pradesh,Krishna,3929.936305732484
2023,Andhra Pradesh,Kurnool,3384.6153846153843
2023,Andhra Pradesh,Kurnool,2000.0
2023,Andhra Pradesh,Kurnool,3357.142857142857
2023,Andhra Pradesh,Nandyal,4115.384615384615
2023,Andhra Pradesh,Nandyal,3461.5384615384614
2023,Andhra Pradesh,Nandyal,3984.6153846153843
2023,Andhra Pradesh,Ntr,3439.0243902439024
2023,Andhra Pradesh,Ntr,3222.222222222222
2023,Andhra Pradesh,Ntr,3352.9411764705883
2023,Andhra Pradesh,Palnadu,3636.3636363636365
2023,Andhra Pradesh,Palnadu,3400.0
2023,Andhra Pradesh,Palnadu,3625.0
2023,Andhra Pradesh,Parvathipuram Manyam,3176.4705882352937
2023,Andhra Pradesh,Parvathipuram Manyam,4000.0
2023,Andhra Pradesh,Parvathipuram Manyam,3188.4057971014495
2023,Andhra Pradesh,Prakasam,3375.0
2023,Andhra Pradesh,Prakasam,3333.3333333333335
2023,Andhra Pradesh,Prakasam,3357.142857142857
2023,Andhra Pradesh,Spsr Nellore,3953.4883720930234
2023,Andhra Pradesh,Spsr Nellore,4396.226415094339
2023,Andhra Pradesh,Spsr Nellore,4268.456375838926
2023,Andhra Pradesh,Sri Sathya Sai,2750.0
2023,Andhra Pradesh,Sri Sathya Sai,2500.0
2023,Andhra Pradesh,Sri Sathya Sai,2700.0
2023,Andhra Pradesh,Srikakulam,2770.8333333333335
2023,Andhra Pradesh,Srikakulam,3200.0
2023,Andhra Pradesh,Srikakulam,2785.2348993288592
2023,Andhra Pradesh,Tirupati,3791.666666666667
2023,Andhra Pradesh,Tirupati,3701.2987012987014
2023,Andhra Pradesh,Tirupati,3732.6732673267325
2023,Andhra Pradesh,Visakhapatanam,2800.0
2023,Andhra Pradesh,Visakhapatanam,inf
2023,Andhra Pradesh,Visakhapatanam,3000.0
2023,Andhra Pradesh,Vizianagaram,3308.5106382978724
2023,Andhra Pradesh,Vizianagaram,inf
2023,Andhra Pradesh,Vizianagaram,3319.148936170213
2023,Andhra Pradesh,West Godavari,3662.790697674419
2023,Andhra Pradesh,West Godavari,5584.269662921348
2023,Andhra Pradesh,West Godavari,4634.285714285714
2023,Andhra Pradesh,Y.S.R.,3434.782608695652
2023,Andhra Pradesh,Y.S.R.,3333.3333333333335
2023,Andhra Pradesh,Y.S.R.,3375.0
2023,Arunachal Pradesh,Anjaw,1000.0
2023,Arunachal Pradesh,Anjaw,1000.0
2023,Arunachal Pradesh,Changlang,2200.0
2023,Arunachal Pradesh,Changlang,2200.0
2023,Arunachal Pradesh,Dibang Valley,1000.0
2023,Arunachal Pradesh,Dibang Valley,1000.0
2023,Arunachal Pradesh,East Kameng,1285.7142857142856
2023,Arunachal Pradesh,East Kameng,1285.7142857142856
2023,Arunachal Pradesh,East Siang,1866.6666666666667
2023,Arunachal Pradesh,East Siang,1866.6666666666667
2023,Arunachal Pradesh,Kamle,1750.0
2023,Arunachal Pradesh,Kamle,1750.0
2023,Arunachal Pradesh,Kra Daadi,1000.0
2023,Arunachal Pradesh,Kra Daadi,1000.0
2023,Arunachal Pradesh,Kurung Kumey,1000.0
2023,Arunachal Pradesh,Kurung Kumey,1000.0
2023,Arunachal Pradesh,Leparada,1500.0
2023,Arunachal Pradesh,Leparada,1500.0
2023,Arunachal Pradesh,Lohit,2000.0
2023,Arunachal Pradesh,Lohit,2000.0
2023,Arunachal Pradesh,Longding,2000.0
2023,Arunachal Pradesh,Longding,2000.0
2023,Arunachal Pradesh,Lower Dibang Valley,1714.2857142857142
2023,Arunachal Pradesh,Lower Dibang Valley,1714.2857142857142
2023,Arunachal Pradesh,Lower Siang,1600.0
2023,Arunachal Pradesh,Lower Siang,1600.0
2023,Arunachal Pradesh,Lower Subansiri,2166.666666666667
2023,Arunachal Pradesh,Lower Subansiri,2166.666666666667
2023,Arunachal Pradesh,Namsai,2222.222222222222
2023,Arunachal Pradesh,Namsai,2222.222222222222
2023,Arunachal Pradesh,Pakke Kessang,1333.3333333333335
2023,Arunachal Pradesh,Pakke Kessang,1333.3333333333335
2023,Arunachal Pradesh,Papum Pare,2083.3333333333335
2023,Arunachal Pradesh,Papum Pare,2083.3333333333335
2023,Arunachal Pradesh,Shi Yomi,1666.6666666666667
2023,Arunachal Pradesh,Shi Yomi,1666.6666666666667
2023,Arunachal Pradesh,Siang,2125.0
2023,Arunachal Pradesh,Siang,2125.0
2023,Arunachal Pradesh,Tawang,2000.0
2023,Arunachal Pradesh,Tawang,2000.0
2023,Arunachal Pradesh,Tirap,1666.6666666666667
2023,Arunachal Pradesh,Tirap,1666.6666666666667
2023,Arunachal Pradesh,Upper Siang,1999.9999999999998
2023,Arunachal Pradesh,Upper Siang,1999.9999999999998
2023,Arunachal Pradesh,Upper Subansiri,2250.0
2023,Arunachal Pradesh,Upper Subansiri,1800.0
2023,Arunachal Pradesh,West Kameng,2000.0
2023,Arunachal Pradesh,West Kameng,2000.0
2023,Arunachal Pradesh,West Siang,1833.3333333333335
2023,Arunachal Pradesh,West Siang,1833.3333333333335
2023,Assam,Baksa,2057.4712643678163
2023,Assam,Baksa,3000.0
2023,Assam,Baksa,2112.3595505617977
2023,Assam,Barpeta,1633.3333333333335
2023,Assam,Barpeta,3711.111111111111
2023,Assam,Barpeta,2500.0
2023,Assam,Biswanath,1698.1132075471696
2023,Assam,Biswanath,2600.0
2023,Assam,Biswanath,1775.8620689655174
2023,Assam,Bongaigaon,2044.4444444444443
2023,Assam,Bongaigaon,3285.7142857142853
2023,Assam,Bongaigaon,2338.983050847458
2023,Assam,Cachar,2587.5
2023,Assam,Cachar,2000.0
2023,Assam,Cachar,2571.4285714285716
2023,Assam,Charaideo,2058.8235294117644
2023,Assam,Charaideo,2058.8235294117644
2023,Assam,Chirang,2333.3333333333335
2023,Assam,Chirang,2500.0
2023,Assam,Chirang,2342.1052631578946
2023,Assam,Darrang,2117.6470588235293
2023,Assam,Darrang,3529.411764705882
2023,Assam,Darrang,2434.7826086956525
2023,Assam,Dhemaji,2068.4931506849316
2023,Assam,Dhemaji,2750.0
2023,Assam,Dhemaji,2116.883116883117
2023,Assam,Dhubri,1971.4285714285716
2023,Assam,Dhubri,3489.795918367347
2023,Assam,Dhubri,2857.1428571428573
2023,Assam,Dibrugarh,2670.886075949367
2023,Assam,Dibrugarh,2000.0
2023,Assam,Dibrugarh,2696.2025316455697
2023,Assam,Dima Hasao,1333.3333333333335
2023,Assam,Dima Hasao,1333.3333333333335
2023,Assam,Goalpara,1937.5
2023,Assam,Goalpara,2749.9999999999995
2023,Assam,Goalpara,2266.6666666666665
2023,Assam,Golaghat,2958.3333333333335
2023,Assam,Golaghat,3250.0
2023,Assam,Golaghat,2967.741935483871
2023,Assam,Hailakandi,2880.952380952381
2023,Assam,Hailakandi,1000.0
2023,Assam,Hailakandi,2837.2093023255816
2023,Assam,Hojai,3241.379310344828
2023,Assam,Hojai,3142.8571428571427
2023,Assam,Hojai,3230.7692307692305
2023,Assam,Jorhat,2898.5507246376815
2023,Assam,Jorhat,1000.0
2023,Assam,Jorhat,2871.428571428571
2023,Assam,Kamrup,2550.0
2023,Assam,Kamrup,3142.8571428571427
2023,Assam,Kamrup,2703.7037037037035
2023,Assam,Kamrup Metro,2888.888888888889
2023,Assam,Kamrup Metro,3166.666666666667
2023,Assam,Kamrup Metro,3066.666666666667
2023,Assam,Karbi Anglong,2400.0
2023,Assam,Karbi Anglong,2500.0
2023,Assam,Karbi Anglong,2405.4054054054054
2023,Assam,Karimganj,1934.4262295081967
2023,Assam,Karimganj,2000.0
2023,Assam,Karimganj,1939.3939393939393
2023,Assam,Kokrajhar,1867.6470588235293
2023,Assam,Kokrajhar,2777.777777777778
2023,Assam,Kokrajhar,1974.025974025974
2023,Assam,Lakhimpur,1885.4166666666667
2023,Assam,Lakhimpur,2500.0
2023,Assam,Lakhimpur,1955.7522123893807
2023,Assam,Majuli,2750.0
2023,Assam,Majuli,2500.0
2023,Assam,Majuli,2700.0
2023,Assam,Marigaon,2416.666666666667
2023,Assam,Marigaon,2775.0
2023,Assam,Marigaon,2653.3333333333335
2023,Assam,Nagaon,2543.478260869565
2023,Assam,Nagaon,2794.871794871795
2023,Assam,Nagaon,2618.320610687023
2023,Assam,Nalbari,3234.0425531914893
2023,Assam,Nalbari,3800.0
2023,Assam,Nalbari,3288.4615384615386
2023,Assam,Sivasagar,1927.5362318840582
2023,Assam,Sivasagar,1927.5362318840582
2023,Assam,Sonitpur,1712.3287671232877
2023,Assam,Sonitpur,3230.7692307692305
2023,Assam,Sonitpur,1941.860465116279
2023,Assam,South Salmara Mancachar,1600.0
2023,Assam,South Salmara Mancachar,3300.0
2023,Assam,South Salmara Mancachar,2450.0
2023,Assam,Tinsukia,1771.4285714285716
2023,Assam,Tinsukia,1785.7142857142858
2023,Assam,Udalguri,2213.3333333333335
2023,Assam,Udalguri,2545.4545454545455
2023,Assam,Udalguri,2229.885057471264
2023,Assam,West Karbi Anglong,2072.7272727272725
2023,Assam,West Karbi Anglong,2333.3333333333335
2023,Assam,West Karbi Anglong,2122.8070175438597
2023,Bihar,Araria,2250.0
2023,Bihar,Araria,2571.428571428571
2023,Bihar,Araria,2250.0
2023,Bihar,Arwal,3210.5263157894738
2023,Bihar,Arwal,3210.5263157894738
2023,Bihar,Aurangabad,3172.4137931034484
2023,Bihar,Aurangabad,3172.4137931034484
2023,Bihar,Banka,2830.0
2023,Bihar,Banka,2830.0
2023,Bihar,Begusarai,2833.3333333333335
2023,Bihar,Begusarai,2833.3333333333335
2023,Bihar,Bhagalpur,2636.3636363636365
2023,Bihar,Bhagalpur,2636.3636363636365
2023,Bihar,Bhojpur,3116.504854368932
2023,Bihar,Bhojpur,3116.504854368932
2023,Bihar,Buxar,3590.909090909091
2023,Bihar,Buxar,3590.909090909091
2023,Bihar,Darbhanga,2020.8333333333335
2023,Bihar,Darbhanga,2500.0
2023,Bihar,Darbhanga,2040.0
2023,Bihar,Gaya,2447.0588235294117
2023,Bihar,Gaya,2447.0588235294117
2023,Bihar,Gopalganj,1428.5714285714287
2023,Bihar,Gopalganj,1428.5714285714287
2023,Bihar,Jamui,2717.948717948718
2023,Bihar,Jamui,2717.948717948718
2023,Bihar,Jehanabad,2978.260869565217
2023,Bihar,Jehanabad,2978.260869565217
2023,Bihar,Kaimur (Bhabua),3223.0215827338134
2023,Bihar,Kaimur (Bhabua),3223.0215827338134
2023,Bihar,Katihar,2196.72131147541
2023,Bihar,Katihar,2681.818181818182
2023,Bihar,Katihar,2365.8536585365855
2023,Bihar,Khagaria,2294.1176470588234
2023,Bihar,Khagaria,2294.1176470588234
2023,Bihar,Kishanganj,2345.679012345679
2023,Bihar,Kishanganj,3428.5714285714284
2023,Bihar,Kishanganj,2505.263157894737
2023,Bihar,Lakhisarai,3448.2758620689656
2023,Bihar,Lakhisarai,3448.2758620689656
2023,Bihar,Madhepura,2328.125
2023,Bihar,Madhepura,2328.125
2023,Bihar,Madhubani,2136.0946745562132
2023,Bihar,Madhubani,2500.0
2023,Bihar,Madhubani,2144.508670520231
2023,Bihar,Munger,3280.0
2023,Bihar,Munger,inf
2023,Bihar,Munger,3192.3076923076924
2023,Bihar,Muzaffarpur,2103.7037037037035
2023,Bihar,Muzaffarpur,2103.7037037037035
2023,Bihar,Nalanda,2769.911504424779
2023,Bihar,Nalanda,2778.761061946903
2023,Bihar,Nawada,2695.6521739130435
2023,Bihar,Nawada,2695.6521739130435
2023,Bihar,Pashchim Champaran,1904.7619047619048
2023,Bihar,Pashchim Champaran,1904.7619047619048
2023,Bihar,Patna,2959.4594594594596
2023,Bihar,Patna,2959.4594594594596
2023,Bihar,Purbi Champaran,1522.1674876847292
2023,Bihar,Purbi Champaran,1522.1674876847292
2023,Bihar,Purnia,2443.298969072165
2023,Bihar,Purnia,3000.0
2023,Bihar,Purnia,2470.5882352941176
2023,Bihar,Rohtas,3835.0515463917527
2023,Bihar,Rohtas,3835.0515463917527
2023,Bihar,Saharsa,2150.0
2023,Bihar,Saharsa,3500.0
2023,Bihar,Saharsa,2182.9268292682927
2023,Bihar,Samastipur,2593.0232558139537
2023,Bihar,Samastipur,2593.0232558139537
2023,Bihar,Saran,2707.6923076923076
2023,Bihar,Saran,2707.6923076923076
2023,Bihar,Sheikhpura,2791.666666666667
2023,Bihar,Sheikhpura,2791.666666666667
2023,Bihar,Sheohar,2000.0
2023,Bihar,Sheohar,2000.0
2023,Bihar,Sitamarhi,1723.2142857142856
2023,Bihar,Sitamarhi,1723.2142857142856
2023,Bihar,Siwan,1802.197802197802
2023,Bihar,Siwan,1802.197802197802
2023,Bihar,Supaul,2292.452830188679
2023,Bihar,Supaul,2000.0
2023,Bihar,Supaul,2308.4112149532707
2023,Bihar,Vaishali,2526.315789473684
2023,Bihar,Vaishali,2526.315789473684
2023,Chhattisgarh,Balod,3844.311377245509
2023,Chhattisgarh,Balod,3844.311377245509
2023,Chhattisgarh,Baloda Bazar,2950.0
2023,Chhattisgarh,Baloda Bazar,2950.0
2023,Chhattisgarh,Balrampur,2540.229885057471
2023,Chhattisgarh,Balrampur,2540.229885057471
2023,Chhattisgarh,Bastar,2336.283185840708
2023,Chhattisgarh,Bastar,2336.283185840708
2023,Chhattisgarh,Bemetara,2928.9340101522844
2023,Chhattisgarh,Bemetara,2928.9340101522844
2023,Chhattisgarh,Bijapur,1662.162162162162
2023,Chhattisgarh,Bijapur,1662.162162162162
2023,Chhattisgarh,Bilaspur,3167.701863354037
2023,Chhattisgarh,Bilaspur,3167.701863354037
2023,Chhattisgarh,Dantewada,1421.875
2023,Chhattisgarh,Dantewada,1421.875
2023,Chhattisgarh,Dhamtari,3872.48322147651
2023,Chhattisgarh,Dhamtari,3872.48322147651
2023,Chhattisgarh,Durg,2624.0
2023,Chhattisgarh,Durg,2624.0
2023,Chhattisgarh,Gariyaband,2119.047619047619
2023,Chhattisgarh,Gariyaband,2119.047619047619
2023,Chhattisgarh,Gaurella Pendra Marwahi,2981.4814814814813
2023,Chhattisgarh,Gaurella Pendra Marwahi,2981.4814814814813
2023,Chhattisgarh,Janjgir-Champa,3234.0425531914893
2023,Chhattisgarh,Janjgir-Champa,3234.0425531914893
2023,Chhattisgarh,Jashpur,1453.3333333333333
2023,Chhattisgarh,Jashpur,1453.3333333333333
2023,Chhattisgarh,Kabirdham,2059.82905982906
2023,Chhattisgarh,Kabirdham,2059.82905982906
2023,Chhattisgarh,Kanker,1851.1904761904761
2023,Chhattisgarh,Kanker,1851.1904761904761
2023,Chhattisgarh,Khairagarh Chhuikhadan Gandai,2200.0
2023,Chhattisgarh,Khairagarh Chhuikhadan Gandai,2200.0
2023,Chhattisgarh,Kondagaon,1833.3333333333333
2023,Chhattisgarh,Kondagaon,1833.3333333333333
2023,Chhattisgarh,Korba,1735.2941176470588
2023,Chhattisgarh,Korba,1735.2941176470588
2023,Chhattisgarh,Korea,1783.7837837837837
2023,Chhattisgarh,Korea,1783.7837837837837
2023,Chhattisgarh,Mahasamund,1938.5245901639344
2023,Chhattisgarh,Mahasamund,1938.5245901639344
2023,Chhattisgarh,Manendragarh Chirmiri Bharatpur Mcb,1766.6666666666667
2023,Chhattisgarh,Manendragarh Chirmiri Bharatpur Mcb,1766.6666666666667
2023,Chhattisgarh,Mohla Manpur Ambagarh Chouki,2554.054054054054
2023,Chhattisgarh,Mohla Manpur Ambagarh Chouki,2554.054054054054
2023,Chhattisgarh,Mungeli,2760.6837606837607
2023,Chhattisgarh,Mungeli,2760.6837606837607
2023,Chhattisgarh,Narayanpur,1350.0
2023,Chhattisgarh,Narayanpur,1350.0
2023,Chhattisgarh,Raigarh,2312.0567375886526
2023,Chhattisgarh,Raigarh,2312.0567375886526
2023,Chhattisgarh,Raipur,3393.3333333333335
2023,Chhattisgarh,Raipur,3393.3333333333335
2023,Chhattisgarh,Rajnandgaon,2623.456790123457
2023,Chhattisgarh,Rajnandgaon,2623.456790123457
2023,Chhattisgarh,Sakti,3361.111111111111
2023,Chhattisgarh,Sakti,3361.111111111111
2023,Chhattisgarh,Sarangarh Bilaigarh,3436.170212765958
2023,Chhattisgarh,Sarangarh Bilaigarh,3436.170212765958
2023,Chhattisgarh,Sukma,2037.037037037037
2023,Chhattisgarh,Sukma,2037.037037037037
2023,Chhattisgarh,Surajpur,1980.7692307692307
2023,Chhattisgarh,Surajpur,1980.7692307692307
2023,Chhattisgarh,Surguja,1911.764705882353
2023,Chhattisgarh,Surguja,1911.764705882353
2023,Goa,North Goa,3000.0
2023,Goa,North Goa,3500.0
2023,Goa,North Goa,3076.9230769230767
2023,Goa,South Goa,2692.3076923076924
2023,Goa,South Goa,2857.142857142857
2023,Goa,South Goa,2750.0
2023,Gujarat,Ahmadabad,2662.0689655172414
2023,Gujarat,Ahmadabad,2800.0
2023,Gujarat,Ahmadabad,2698.3240223463686
2023,Gujarat,Anand,2780.487804878049
2023,Gujarat,Anand,3200.0
2023,Gujarat,Anand,2819.548872180451
2023,Gujarat,Arvalli,2000.0
2023,Gujarat,Arvalli,2000.0
2023,Gujarat,Bharuch,1700.0
2023,Gujarat,Bharuch,3000.0
2023,Gujarat,Bharuch,2125.0
2023,Gujarat,Chhotaudepur,1200.0
2023,Gujarat,Chhotaudepur,1200.0
2023,Gujarat,Dang,1935.483870967742
2023,Gujarat,Dang,1935.483870967742
2023,Gujarat,Dohad,1575.0
2023,Gujarat,Dohad,1575.0
2023,Gujarat,Gandhinagar,2333.3333333333335
2023,Gujarat,Gandhinagar,2333.3333333333335
2023,Gujarat,Kheda,2721.739130434783
2023,Gujarat,Kheda,2857.142857142857
2023,Gujarat,Kheda,2744.186046511628
2023,Gujarat,Mahesana,1999.9999999999998
2023,Gujarat,Mahesana,2142.8571428571427
2023,Gujarat,Mahisagar,2268.2926829268295
2023,Gujarat,Mahisagar,2214.285714285714
2023,Gujarat,Narmada,1000.0
2023,Gujarat,Narmada,1000.0
2023,Gujarat,Navsari,2844.4444444444443
2023,Gujarat,Navsari,3000.0
2023,Gujarat,Navsari,2823.529411764706
2023,Gujarat,Panch Mahals,1829.7872340425533
2023,Gujarat,Panch Mahals,3000.0
2023,Gujarat,Panch Mahals,1862.7450980392157
2023,Gujarat,Sabar Kantha,2999.9999999999995
2023,Gujarat,Sabar Kantha,2999.9999999999995
2023,Gujarat,Surat,2325.5813953488373
2023,Gujarat,Surat,2466.666666666667
2023,Gujarat,Surat,2379.3103448275865
2023,Gujarat,Surendranagar,2500.0
2023,Gujarat,Surendranagar,inf
2023,Gujarat,Surendranagar,3000.0
2023,Gujarat,Tapi,2608.6956521739135
2023,Gujarat,Tapi,4000.0
2023,Gujarat,Tapi,2628.571428571429
2023,Gujarat,Vadodara,1970.5882352941176
2023,Gujarat,Vadodara,2200.0
2023,Gujarat,Vadodara,2000.0
2023,Gujarat,Valsad,2657.8947368421054
2023,Gujarat,Valsad,2000.0
2023,Gujarat,Valsad,2697.3684210526317
2023,Haryana,Ambala,4265.957446808511
2023,Haryana,Ambala,4265.957446808511
2023,Haryana,Bhiwani,2857.142857142857
2023,Haryana,Bhiwani,2857.142857142857
2023,Haryana,Charki Dadri,2555.5555555555557
2023,Haryana,Charki Dadri,2555.5555555555557
2023,Haryana,Faridabad,2642.8571428571427
2023,Haryana,Faridabad,2642.8571428571427
2023,Haryana,Fatehabad,4223.880597014925
2023,Haryana,Fatehabad,4223.880597014925
2023,Haryana,Gurugram,2666.666666666667
2023,Haryana,Gurugram,2666.666666666667
2023,Haryana,Hisar,3152.3809523809523
2023,Haryana,Hisar,3152.3809523809523
2023,Haryana,Jhajjar,2763.6363636363635
2023,Haryana,Jhajjar,2763.6363636363635
2023,Haryana,Jind,4222.891566265061
2023,Haryana,Jind,4222.891566265061
2023,Haryana,Kaithal,4260.869565217391
2023,Haryana,Kaithal,4260.869565217391
2023,Haryana,Karnal,4253.0120481927715
2023,Haryana,Karnal,4253.0120481927715
2023,Haryana,Kurukshetra,4814.159292035399
2023,Haryana,Kurukshetra,4814.159292035399
2023,Haryana,Nuh,2272.7272727272725
2023,Haryana,Nuh,2272.7272727272725
2023,Haryana,Palwal,3055.5555555555557
2023,Haryana,Palwal,3055.5555555555557
2023,Haryana,Panchkula,4916.666666666667
2023,Haryana,Panchkula,4916.666666666667
2023,Haryana,Panipat,3397.260273972603
2023,Haryana,Panipat,3397.260273972603
2023,Haryana,Rewari,3500.0
2023,Haryana,Rewari,3500.0
2023,Haryana,Rohtak,3141.025641025641
2023,Haryana,Rohtak,3141.025641025641
2023,Haryana,Sirsa,3531.531531531531
2023,Haryana,Sirsa,3531.531531531531
2023,Haryana,Sonipat,2842.105263157895
2023,Haryana,Sonipat,2842.105263157895
2023,Haryana,Yamunanagar,4311.688311688312
2023,Haryana,Yamunanagar,4311.688311688312
2023,Himachal Pradesh,Bilaspur,1000.0
2023,Himachal Pradesh,Bilaspur,1000.0
2023,Himachal Pradesh,Chamba,1500.0
2023,Himachal Pradesh,Chamba,1500.0
2023,Himachal Pradesh,Hamirpur,2000.0
2023,Himachal Pradesh,Hamirpur,2000.0
2023,Himachal Pradesh,Kangra,2468.75
2023,Himachal Pradesh,Kangra,2468.75
2023,Himachal Pradesh,Mandi,2000.0
2023,Himachal Pradesh,Mandi,2000.0
2023,Himachal Pradesh,Sirmaur,2625.0
2023,Himachal Pradesh,Sirmaur,2625.0
2023,Himachal Pradesh,Solan,5200.0
2023,Himachal Pradesh,Solan,5200.0
2023,Himachal Pradesh,Una,2000.0
2023,Himachal Pradesh,Una,2000.0
2023,Jammu And Kashmir,Anantnag,2958.3333333333335
2023,Jammu And Kashmir,Anantnag,2958.3333333333335
2023,Jammu And Kashmir,Bandipora,3000.0
2023,Jammu And Kashmir,Bandipora,3000.0
2023,Jammu And Kashmir,Baramulla,2650.0
2023,Jammu And Kashmir,Baramulla,2650.0
2023,Jammu And Kashmir,Budgam,2160.0
2023,Jammu And Kashmir,Budgam,2160.0
2023,Jammu And Kashmir,Doda,2000.0
2023,Jammu And Kashmir,Doda,2000.0
2023,Jammu And Kashmir,Ganderbal,3142.8571428571427
2023,Jammu And Kashmir,Ganderbal,3142.8571428571427
2023,Jammu And Kashmir,Jammu,3037.037037037037
2023,Jammu And Kashmir,Jammu,3037.037037037037
2023,Jammu And Kashmir,Kathua,2088.235294117647
2023,Jammu And Kashmir,Kathua,2088.235294117647
2023,Jammu And Kashmir,Kishtwar,2000.0
2023,Jammu And Kashmir,Kishtwar,2000.0
2023,Jammu And Kashmir,Kulgam,2750.0
2023,Jammu And Kashmir,Kulgam,2750.0
2023,Jammu And Kashmir,Kupwara,2352.9411764705883
2023,Jammu And Kashmir,Kupwara,2352.9411764705883
2023,Jammu And Kashmir,Poonch,1000.0
2023,Jammu And Kashmir,Poonch,1000.0
2023,Jammu And Kashmir,Pulwama,2272.7272727272725
2023,Jammu And Kashmir,Pulwama,2272.7272727272725
2023,Jammu And Kashmir,Rajouri,2000.0
2023,Jammu And Kashmir,Rajouri,2000.0
2023,Jammu And Kashmir,Ramban,1000.0
2023,Jammu And Kashmir,Ramban,1000.0
2023,Jammu And Kashmir,Reasi,3000.0
2023,Jammu And Kashmir,Reasi,3000.0
2023,Jammu And Kashmir,Samba,1578.9473684210527
2023,Jammu And Kashmir,Samba,1578.9473684210527
2023,Jammu And Kashmir,Srinagar,3000.0
2023,Jammu And Kashmir,Srinagar,3000.0
2023,Jammu And Kashmir,Udhampur,1857.1428571428569
2023,Jammu And Kashmir,Udhampur,1857.1428571428569
2023,Jharkhand,Bokaro,1117.6470588235293
2023,Jharkhand,Bokaro,1117.6470588235293
2023,Jharkhand,Chatra,1913.0434782608695
2023,Jharkhand,Chatra,1913.0434782608695
2023,Jharkhand,Deoghar,2250.0
2023,Jharkhand,Deoghar,2250.0
2023,Jharkhand,Dhanbad,1500.0
2023,Jharkhand,Dhanbad,1500.0
2023,Jharkhand,Dumka,1304.3478260869567
2023,Jharkhand,Dumka,1304.3478260869567
2023,Jharkhand,East Singhbum,2106.060606060606
2023,Jharkhand,East Singhbum,2106.060606060606
2023,Jharkhand,Garhwa,1243.2432432432433
2023,Jharkhand,Garhwa,1243.2432432432433
2023,Jharkhand,Giridih,1937.5
2023,Jharkhand,Giridih,1937.5
2023,Jharkhand,Godda,1472.2222222222222
2023,Jharkhand,Godda,1472.2222222222222
2023,Jharkhand,Gumla,655.1724137931035
2023,Jharkhand,Gumla,655.1724137931035
2023,Jharkhand,Hazaribagh,1206.896551724138
2023,Jharkhand,Hazaribagh,1206.896551724138
2023,Jharkhand,Jamtara,1533.3333333333335
2023,Jharkhand,Jamtara,1533.3333333333335
2023,Jharkhand,Khunti,1384.6153846153845
2023,Jharkhand,Khunti,1384.6153846153845
2023,Jharkhand,Koderma,2785.7142857142853
2023,Jharkhand,Koderma,2785.7142857142853
2023,Jharkhand,Latehar,1000.0
2023,Jharkhand,Latehar,1000.0
2023,Jharkhand,Lohardaga,1548.3870967741937
2023,Jharkhand,Lohardaga,1548.3870967741937
2023,Jharkhand,Pakur,1166.6666666666667
2023,Jharkhand,Pakur,1166.6666666666667
2023,Jharkhand,Palamu,1500.0
2023,Jharkhand,Palamu,1500.0
2023,Jharkhand,Ramgarh,1346.1538461538462
2023,Jharkhand,Ramgarh,1346.1538461538462
2023,Jharkhand,Ranchi,1434.7826086956522
2023,Jharkhand,Ranchi,1434.7826086956522
2023,Jharkhand,Sahebganj,1794.1176470588234
2023,Jharkhand,Sahebganj,1794.1176470588234
2023,Jharkhand,Saraikela Kharsawan,1396.5517241379312
2023,Jharkhand,Saraikela Kharsawan,1396.5517241379312
2023,Jharkhand,Simdega,1430.7692307692307
2023,Jharkhand,Simdega,1430.7692307692307
2023,Jharkhand,West Singhbhum,1149.2537313432836
2023,Jharkhand,West Singhbhum,1149.2537313432836
2023,Karnataka,Ballari,3975.0
2023,Karnataka,Ballari,4000.0
2023,Karnataka,Ballari,3428.5714285714284
2023,Karnataka,Ballari,3876.404494382022
2023,Karnataka,Belagavi,2134.6153846153848
2023,Karnataka,Belagavi,inf
2023,Karnataka,Belagavi,2113.2075471698113
2023,Karnataka,Bengaluru Urban,inf
2023,Karnataka,Bengaluru Urban,inf
2023,Karnataka,Bidar,1000.0
2023,Karnataka,Bidar,1000.0
2023,Karnataka,Chamarajanagara,3000.0
2023,Karnataka,Chamarajanagara,inf
2023,Karnataka,Chamarajanagara,2000.0
2023,Karnataka,Chamarajanagara,2999.9999999999995
2023,Karnataka,Chikkaballapura,2000.0
2023,Karnataka,Chikkaballapura,inf
2023,Karnataka,Chikkaballapura,4000.0
2023,Karnataka,Chikkamagaluru,2444.4444444444443
2023,Karnataka,Chikkamagaluru,inf
2023,Karnataka,Chikkamagaluru,2555.5555555555557
2023,Karnataka,Chitradurga,2000.0
2023,Karnataka,Chitradurga,2000.0
2023,Karnataka,Dakshina Kannada,3500.0
2023,Karnataka,Dakshina Kannada,2000.0
2023,Karnataka,Dakshina Kannada,3200.0
2023,Karnataka,Davangere,3500.0
2023,Karnataka,Davangere,2923.076923076923
2023,Karnataka,Davangere,3333.333333333333
2023,Karnataka,Dharwad,1000.0
2023,Karnataka,Dharwad,1000.0
2023,Karnataka,Gadag,3250.0
2023,Karnataka,Gadag,3000.0
2023,Karnataka,Gadag,2000.0
2023,Karnataka,Gadag,2875.0
2023,Karnataka,Hassan,2619.0476190476193
2023,Karnataka,Hassan,inf
2023,Karnataka,Hassan,2545.4545454545455
2023,Karnataka,Haveri,2481.4814814814813
2023,Karnataka,Haveri,3000.0
2023,Karnataka,Haveri,3875.0
2023,Karnataka,Haveri,2777.777777777778
2023,Karnataka,Kalaburagi,4125.0
2023,Karnataka,Kalaburagi,3000.0
2023,Karnataka,Kalaburagi,4000.0
2023,Karnataka,Kodagu,2692.3076923076924
2023,Karnataka,Kodagu,2692.3076923076924
2023,Karnataka,Kolar,2500.0
2023,Karnataka,Kolar,3000.0
2023,Karnataka,Koppal,4448.275862068966
2023,Karnataka,Koppal,2500.0
2023,Karnataka,Koppal,3166.666666666667
2023,Karnataka,Koppal,4208.955223880596
2023,Karnataka,Mandya,3200.0
2023,Karnataka,Mandya,3000.0
2023,Karnataka,Mandya,3179.487179487179
2023,Karnataka,Mysuru,3019.607843137255
2023,Karnataka,Mysuru,3000.0
2023,Karnataka,Mysuru,3017.8571428571427
2023,Karnataka,Raichur,4115.606936416185
2023,Karnataka,Raichur,2611.1111111111113
2023,Karnataka,Raichur,3979.057591623037
2023,Karnataka,Ramanagara,2666.666666666667
2023,Karnataka,Ramanagara,2666.666666666667
2023,Karnataka,Shivamogga,2703.125
2023,Karnataka,Shivamogga,3000.0
2023,Karnataka,Shivamogga,2720.5882352941176
2023,Karnataka,Tumakuru,3000.0
2023,Karnataka,Tumakuru,inf
2023,Karnataka,Tumakuru,2000.0
2023,Karnataka,Udupi,3000.0
2023,Karnataka,Udupi,2600.0
2023,Karnataka,Udupi,2971.4285714285716
2023,Karnataka,Uttara Kannada,1918.918918918919
2023,Karnataka,Uttara Kannada,inf
2023,Karnataka,Uttara Kannada,inf
2023,Karnataka,Uttara Kannada,1921.0526315789473
2023,Karnataka,Vijayanagar,3642.8571428571427
2023,Karnataka,Vijayanagar,2714.285714285714
2023,Karnataka,Vijayanagar,3800.0
2023,Karnataka,Vijayanagar,3423.076923076923
2023,Karnataka,Yadgir,3212.765957446809
2023,Karnataka,Yadgir,2666.666666666667
2023,Karnataka,Yadgir,2500.0
2023,Karnataka,Yadgir,3214.285714285714
2023,Kerala,Alappuzha,3333.3333333333335
2023,Kerala,Alappuzha,3000.0
2023,Kerala,Alappuzha,3148.148148148148
2023,Kerala,Alappuzha,3128.205128205128
2023,Kerala,Ernakulam,1000.0
2023,Kerala,Ernakulam,3000.0
2023,Kerala,Ernakulam,2000.0
2023,Kerala,Ernakulam,2250.0
2023,Kerala,Idukki,inf
2023,Kerala,Idukki,inf
2023,Kerala,Kannur,2500.0
2023,Kerala,Kannur,2000.0
2023,Kerala,Kannur,2250.0
2023,Kerala,Kasaragod,3000.0
2023,Kerala,Kasaragod,1000.0
2023,Kerala,Kasaragod,2500.0
2023,Kerala,Kollam,inf
2023,Kerala,Kollam,2000.0
2023,Kerala,Kollam,inf
2023,Kerala,Kollam,2000.0
2023,Kerala,Kottayam,2500.0
2023,Kerala,Kottayam,3200.0
2023,Kerala,Kottayam,2727.2727272727275
2023,Kerala,Kottayam,2833.3333333333335
2023,Kerala,Kozhikode,1000.0
2023,Kerala,Kozhikode,inf
2023,Kerala,Kozhikode,1000.0
2023,Kerala,Malappuram,3166.666666666667
2023,Kerala,Malappuram,3333.3333333333335
2023,Kerala,Malappuram,3222.222222222222
2023,Kerala,Palakkad,2620.689655172414
2023,Kerala,Palakkad,3034.4827586206898
2023,Kerala,Palakkad,2833.3333333333335
2023,Kerala,Palakkad,2828.125
2023,Kerala,Pathanamthitta,inf
2023,Kerala,Pathanamthitta,2666.666666666667
2023,Kerala,Pathanamthitta,3000.0
2023,Kerala,Thiruvananthapuram,2000.0
2023,Kerala,Thiruvananthapuram,1000.0
2023,Kerala,Thiruvananthapuram,3000.0
2023,Kerala,Thrissur,1500.0
2023,Kerala,Thrissur,3181.818181818182
2023,Kerala,Thrissur,2818.181818181818
2023,Kerala,Thrissur,2875.0
2023,Kerala,Wayanad,2714.285714285714
2023,Kerala,Wayanad,inf
2023,Kerala,Wayanad,2857.142857142857
2023,Madhya Pradesh,Alirajpur,1500.0
2023,Madhya Pradesh,Alirajpur,1500.0
2023,Madhya Pradesh,Anuppur,1487.3949579831933
2023,Madhya Pradesh,Anuppur,1487.3949579831933
2023,Madhya Pradesh,Ashoknagar,2160.0
2023,Madhya Pradesh,Ashoknagar,2160.0
2023,Madhya Pradesh,Balaghat,1840.0
2023,Madhya Pradesh,Balaghat,3393.939393939394
2023,Madhya Pradesh,Balaghat,2017.6678445229682
2023,Madhya Pradesh,Betul,1733.3333333333335
2023,Madhya Pradesh,Betul,1733.3333333333335
2023,Madhya Pradesh,Bhind,2551.724137931035
2023,Madhya Pradesh,Bhind,2551.724137931035
2023,Madhya Pradesh,Bhopal,2173.913043478261
2023,Madhya Pradesh,Bhopal,2173.913043478261
2023,Madhya Pradesh,Chhatarpur,1000.0
2023,Madhya Pradesh,Chhatarpur,1000.0
2023,Madhya Pradesh,Chhindwara,1821.4285714285713
2023,Madhya Pradesh,Chhindwara,1821.4285714285713
2023,Madhya Pradesh,Damoh,2273.809523809524
2023,Madhya Pradesh,Damoh,2273.809523809524
2023,Madhya Pradesh,Datia,1494.5054945054944
2023,Madhya Pradesh,Datia,2000.0
2023,Madhya Pradesh,Datia,1500.0
2023,Madhya Pradesh,Dindori,1407.0796460176994
2023,Madhya Pradesh,Dindori,1407.0796460176994
2023,Madhya Pradesh,East Nimar,inf
2023,Madhya Pradesh,East Nimar,inf
2023,Madhya Pradesh,Guna,2214.285714285714
2023,Madhya Pradesh,Guna,2214.285714285714
2023,Madhya Pradesh,Gwalior,2546.5116279069766
2023,Madhya Pradesh,Gwalior,2546.5116279069766
2023,Madhya Pradesh,Harda,2000.0
2023,Madhya Pradesh,Harda,2000.0
2023,Madhya Pradesh,Hoshangabad,2536.082474226804
2023,Madhya Pradesh,Hoshangabad,inf
2023,Madhya Pradesh,Hoshangabad,2528.2051282051284
2023,Madhya Pradesh,Jabalpur,2221.4285714285716
2023,Madhya Pradesh,Jabalpur,2221.4285714285716
2023,Madhya Pradesh,Jhabua,1000.0
2023,Madhya Pradesh,Jhabua,1000.0
2023,Madhya Pradesh,Katni,2363.1284916201116
2023,Madhya Pradesh,Katni,2363.1284916201116
2023,Madhya Pradesh,Mandla,1884.848484848485
2023,Madhya Pradesh,Mandla,1884.848484848485
2023,Madhya Pradesh,Morena,2200.0
2023,Madhya Pradesh,Morena,2200.0
2023,Madhya Pradesh,Narsinghpur,2289.4736842105262
2023,Madhya Pradesh,Narsinghpur,2289.4736842105262
2023,Madhya Pradesh,Panna,1961.2403100775193
2023,Madhya Pradesh,Panna,1961.2403100775193
2023,Madhya Pradesh,Raisen,2200.7575757575755
2023,Madhya Pradesh,Raisen,2200.7575757575755
2023,Madhya Pradesh,Rewa,2277.777777777778
2023,Madhya Pradesh,Rewa,2277.777777777778
2023,Madhya Pradesh,Sagar,1690.4761904761906
2023,Madhya Pradesh,Sagar,1690.4761904761906
2023,Madhya Pradesh,Satna,2397.489539748954
2023,Madhya Pradesh,Satna,2397.489539748954
2023,Madhya Pradesh,Sehore,2512.8205128205127
2023,Madhya Pradesh,Sehore,2512.8205128205127
2023,Madhya Pradesh,Seoni,2029.4117647058824
2023,Madhya Pradesh,Seoni,2333.3333333333335
2023,Madhya Pradesh,Seoni,2034.6820809248554
2023,Madhya Pradesh,Shahdol,1642.857142857143
2023,Madhya Pradesh,Shahdol,1642.857142857143
2023,Madhya Pradesh,Sheopur,2557.1428571428573
2023,Madhya Pradesh,Sheopur,2557.1428571428573
2023,Madhya Pradesh,Shivpuri,2137.9310344827586
2023,Madhya Pradesh,Shivpuri,3000.0
2023,Madhya Pradesh,Shivpuri,2150.0
2023,Madhya Pradesh,Sidhi,2166.666666666667
2023,Madhya Pradesh,Sidhi,2166.666666666667
2023,Madhya Pradesh,Singrauli,1882.3529411764707
2023,Madhya Pradesh,Singrauli,1882.3529411764707
2023,Madhya Pradesh,Tikamgarh,1000.0
2023,Madhya Pradesh,Tikamgarh,1000.0
2023,Madhya Pradesh,Umaria,1317.0731707317075
2023,Madhya Pradesh,Umaria,1317.0731707317075
2023,Madhya Pradesh,Vidisha,1783.3333333333335
2023,Madhya Pradesh,Vidisha,1783.3333333333335
2023,Maharashtra,Ahmednagar,473.6842105263158
2023,Maharashtra,Ahmednagar,473.6842105263158
2023,Maharashtra,Amravati,666.6666666666667
2023,Maharashtra,Amravati,666.6666666666667
2023,Maharashtra,Bhandara,2337.016574585635
2023,Maharashtra,Bhandara,2406.25
2023,Maharashtra,Bhandara,2355.1020408163263
2023,Maharashtra,Chandrapur,1648.3516483516482
2023,Maharashtra,Chandrapur,2083.3333333333335
2023,Maharashtra,Chandrapur,1675.2577319587629
2023,Maharashtra,Dhule,1200.0
2023,Maharashtra,Dhule,1200.0
2023,Maharashtra,Gadchiroli,2230.366492146597
2023,Maharashtra,Gadchiroli,2454.5454545454545
2023,Maharashtra,Gadchiroli,2237.6237623762377
2023,Maharashtra,Gondia,2670.1570680628274
2023,Maharashtra,Gondia,2880.0
2023,Maharashtra,Gondia,2719.1011235955057
2023,Maharashtra,Kolhapur,3208.7912087912086
2023,Maharashtra,Kolhapur,inf
2023,Maharashtra,Kolhapur,3173.9130434782605
2023,Maharashtra,Nagpur,1797.872340425532
2023,Maharashtra,Nagpur,inf
2023,Maharashtra,Nagpur,1808.5106382978724
2023,Maharashtra,Nanded,2000.0
2023,Maharashtra,Nanded,inf
2023,Maharashtra,Nanded,3000.0
2023,Maharashtra,Nandurbar,958.3333333333334
2023,Maharashtra,Nandurbar,958.3333333333334
2023,Maharashtra,Nashik,1365.5913978494623
2023,Maharashtra,Nashik,1365.5913978494623
2023,Maharashtra,Palghar,2701.2987012987014
2023,Maharashtra,Palghar,3500.0
2023,Maharashtra,Palghar,2721.518987341772
2023,Maharashtra,Pune,2475.409836065574
2023,Maharashtra,Pune,2475.409836065574
2023,Maharashtra,Raigad,2822.222222222222
2023,Maharashtra,Raigad,3000.0
2023,Maharashtra,Raigad,2824.175824175824
2023,Maharashtra,Ratnagiri,3000.0
2023,Maharashtra,Ratnagiri,3000.0
2023,Maharashtra,Sangli,1500.0
2023,Maharashtra,Sangli,1500.0
2023,Maharashtra,Satara,1288.888888888889
2023,Maharashtra,Satara,1288.888888888889
2023,Maharashtra,Sindhudurg,2934.4262295081967
2023,Maharashtra,Sindhudurg,2000.0
2023,Maharashtra,Sindhudurg,2904.7619047619046
2023,Maharashtra,Thane,2851.8518518518517
2023,Maharashtra,Thane,2851.8518518518517
2023,Manipur,Bishnupur,3000.0
2023,Manipur,Bishnupur,2000.0
2023,Manipur,Bishnupur,2086.9565217391305
2023,Manipur,Chandel,1600.0
2023,Manipur,Chandel,1600.0
2023,Manipur,Churachandpur,1269.2307692307693
2023,Manipur,Churachandpur,1269.2307692307693
2023,Manipur,Imphal East,inf
2023,Manipur,Imphal East,2241.379310344828
2023,Manipur,Imphal East,2241.379310344828
2023,Manipur,Imphal West,3000.0
2023,Manipur,Imphal West,1652.1739130434783
2023,Manipur,Imphal West,1666.6666666666667
2023,Manipur,Senapati,1909.090909090909
2023,Manipur,Senapati,1909.090909090909
2023,Manipur,Tamenglong,800.0
2023,Manipur,Tamenglong,800.0
2023,Manipur,Thoubal,3500.0
2023,Manipur,Thoubal,4136.363636363636
2023,Manipur,Thoubal,4125.0
2023,Manipur,Ukhrul,1555.5555555555557
2023,Manipur,Ukhrul,1555.5555555555557
2023,Meghalaya,East Garo Hills,1714.2857142857142
2023,Meghalaya,East Garo Hills,1714.2857142857142
2023,Meghalaya,East Jaintia Hills,2250.0
2023,Meghalaya,East Jaintia Hills,2250.0
2023,Meghalaya,East Khasi Hills,1666.6666666666667
2023,Meghalaya,East Khasi Hills,1666.6666666666667
2023,Meghalaya,North Garo Hills,2500.0
2023,Meghalaya,North Garo Hills,2500.0
2023,Meghalaya,Ri Bhoi,3000.0
2023,Meghalaya,Ri Bhoi,3000.0
2023,Meghalaya,South Garo Hills,2000.0
2023,Meghalaya,South Garo Hills,2166.666666666667
2023,Meghalaya,South West Garo Hills,2500.0
2023,Meghalaya,South West Garo Hills,4600.0
2023,Meghalaya,South West Garo Hills,3058.8235294117644
2023,Meghalaya,South West Khasi Hills,1500.0
2023,Meghalaya,South West Khasi Hills,1500.0
2023,Meghalaya,West Garo Hills,2200.0
2023,Meghalaya,West Garo Hills,4857.142857142857
2023,Meghalaya,West Garo Hills,2888.8888888888887
2023,Meghalaya,West Jaintia Hills,1750.0
2023,Meghalaya,West Jaintia Hills,1750.0
2023,Meghalaya,West Khasi Hills,1666.6666666666667
2023,Meghalaya,West Khasi Hills,1666.6666666666667
2023,Mizoram,Aizawl,1500.0
2023,Mizoram,Aizawl,1500.0
2023,Mizoram,Champhai,2500.0
2023,Mizoram,Champhai,2500.0
2023,Mizoram,Hnahthial,1000.0
2023,Mizoram,Hnahthial,1000.0
2023,Mizoram,Khawzawl,1000.0
2023,Mizoram,Khawzawl,1000.0
2023,Mizoram,Kolasib,2000.0
2023,Mizoram,Kolasib,2000.0
2023,Mizoram,Lawngtlai,1600.0
2023,Mizoram,Lawngtlai,1600.0
2023,Mizoram,Lunglei,1500.0
2023,Mizoram,Lunglei,inf
2023,Mizoram,Lunglei,1500.0
2023,Mizoram,Mamit,1250.0
2023,Mizoram,Mamit,1250.0
2023,Mizoram,Saiha,2000.0
2023,Mizoram,Saiha,2000.0
2023,Mizoram,Saitual,1500.0
2023,Mizoram,Saitual,1500.0
2023,Mizoram,Serchhip,2000.0
2023,Mizoram,Serchhip,2000.0
2023,Nagaland,Chumoukedima,1999.9999999999998
2023,Nagaland,Chumoukedima,inf
2023,Nagaland,Chumoukedima,1944.4444444444446
2023,Nagaland,Dimapur,2000.0
2023,Nagaland,Dimapur,2000.0
2023,Nagaland,Kiphire,1666.6666666666667
2023,Nagaland,Kiphire,1666.6666666666667
2023,Nagaland,Kohima,1666.6666666666667
2023,Nagaland,Kohima,1666.6666666666667
2023,Nagaland,Longleng,1750.0
2023,Nagaland,Longleng,1750.0
2023,Nagaland,Mokokchung,1666.6666666666667
2023,Nagaland,Mokokchung,1666.6666666666667
2023,Nagaland,Mon,1695.6521739130435
2023,Nagaland,Mon,1000.0
2023,Nagaland,Mon,1666.6666666666667
2023,Nagaland,Niuland,2000.0
2023,Nagaland,Niuland,1000.0
2023,Nagaland,Niuland,1947.3684210526314
2023,Nagaland,Noklak,1666.6666666666667
2023,Nagaland,Noklak,1666.6666666666667
2023,Nagaland,Peren,1800.0
2023,Nagaland,Peren,inf
2023,Nagaland,Peren,1800.0
2023,Nagaland,Phek,1611.111111111111
2023,Nagaland,Phek,1611.111111111111
2023,Nagaland,Shamator,1800.0
2023,Nagaland,Shamator,1800.0
2023,Nagaland,Tseminyu,1800.0
2023,Nagaland,Tseminyu,1800.0
2023,Nagaland,Tuensang,1600.0
2023,Nagaland,Tuensang,1600.0
2023,Nagaland,Wokha,1700.0
2023,Nagaland,Wokha,1700.0
2023,Nagaland,Zunheboto,1666.6666666666667
2023,Nagaland,Zunheboto,1666.6666666666667
2023,Odisha,Anugul,2333.3333333333335
2023,Odisha,Anugul,2314.0495867768595
2023,Odisha,Balangir,1811.4285714285713
2023,Odisha,Balangir,1751.3812154696132
2023,Odisha,Baleshwar,1972.067039106145
2023,Odisha,Baleshwar,1541.4847161572052
2023,Odisha,Bargarh,2317.2690763052206
2023,Odisha,Bargarh,1662.8242074927953
2023,Odisha,Bhadrak,1861.111111111111
2023,Odisha,Bhadrak,1835.6164383561645
2023,Odisha,Boudh,2322.5806451612902
2023,Odisha,Boudh,2181.8181818181815
2023,Odisha,Cuttack,2179.2452830188677
2023,Odisha,Cuttack,2138.8888888888887
2023,Odisha,Deogarh,2105.2631578947367
2023,Odisha,Deogarh,2051.2820512820513
2023,Odisha,Dhenkanal,2483.14606741573
2023,Odisha,Dhenkanal,2455.5555555555557
2023,Odisha,Gajapati,1450.0
2023,Odisha,Gajapati,1414.6341463414635
2023,Odisha,Ganjam,1792.3875432525952
2023,Odisha,Ganjam,1792.3875432525952
2023,Odisha,Jagatsinghapur,2088.6075949367087
2023,Odisha,Jagatsinghapur,2062.5
2023,Odisha,Jajapur,1595.4198473282443
2023,Odisha,Jajapur,1548.148148148148
2023,Odisha,Jharsuguda,2142.857142857143
2023,Odisha,Jharsuguda,2027.027027027027
2023,Odisha,Kalahandi,2119.1709844559587
2023,Odisha,Kalahandi,1616.6007905138342
2023,Odisha,Kandhamal,1388.888888888889
2023,Odisha,Kandhamal,1351.3513513513515
2023,Odisha,Kendrapara,1719.00826446281
2023,Odisha,Kendrapara,1704.9180327868853
2023,Odisha,Kendujhar,2303.2258064516127
2023,Odisha,Kendujhar,2288.4615384615386
2023,Odisha,Khordha,1686.046511627907
2023,Odisha,Khordha,1593.4065934065934
2023,Odisha,Koraput,2274.5098039215686
2023,Odisha,Koraput,1784.6153846153845
2023,Odisha,Malkangiri,1655.4621848739496
2023,Odisha,Malkangiri,1641.6666666666667
2023,Odisha,Mayurbhanj,1791.2457912457912
2023,Odisha,Mayurbhanj,1767.4418604651164
2023,Odisha,Nabarangpur,2031.7460317460318
2023,Odisha,Nabarangpur,2015.748031496063
2023,Odisha,Nayagarh,1696.629213483146
2023,Odisha,Nayagarh,1696.629213483146
2023,Odisha,Nuapada,1609.5238095238094
2023,Odisha,Nuapada,1469.5652173913045
2023,Odisha,Puri,2082.3529411764707
2023,Odisha,Puri,1487.3949579831933
2023,Odisha,Rayagada,2127.272727272727
2023,Odisha,Rayagada,2127.272727272727
2023,Odisha,Sambalpur,2302.7522935779816
2023,Odisha,Sambalpur,2057.377049180328
2023,Odisha,Sonepur,2476.190476190476
2023,Odisha,Sonepur,1805.5555555555557
2023,Odisha,Sundargarh,1511.111111111111
2023,Odisha,Sundargarh,1494.5054945054944
2023,Puducherry,Karaikal,2000.0
2023,Puducherry,Karaikal,3000.0
2023,Puducherry,Karaikal,2800.0
2023,Puducherry,Pondicherry,3666.666666666667
2023,Puducherry,Pondicherry,3333.3333333333335
2023,Puducherry,Pondicherry,3200.0
2023,Puducherry,Pondicherry,3357.142857142857
2023,Puducherry,Yanam,inf
2023,Punjab,Amritsar,3198.8950276243095
2023,Punjab,Amritsar,3198.8950276243095
2023,Punjab,Barnala,5304.347826086957
2023,Punjab,Barnala,5304.347826086957
2023,Punjab,Bathinda,4745.0
2023,Punjab,Bathinda,4745.0
2023,Punjab,Faridkot,4615.384615384615
2023,Punjab,Faridkot,4615.384615384615
2023,Punjab,Fatehgarh Sahib,4804.597701149425
2023,Punjab,Fatehgarh Sahib,4804.597701149425
2023,Punjab,Fazilka,3284.4827586206898
2023,Punjab,Fazilka,3284.4827586206898
2023,Punjab,Ferozepur,4561.497326203208
2023,Punjab,Ferozepur,4561.497326203208
2023,Punjab,Gurdaspur,4005.747126436782
2023,Punjab,Gurdaspur,4005.747126436782
2023,Punjab,Hoshiarpur,3974.683544303797
2023,Punjab,Hoshiarpur,3974.683544303797
2023,Punjab,Jalandhar,4482.758620689655
2023,Punjab,Jalandhar,4482.758620689655
2023,Punjab,Kapurthala,4638.6554621848745
2023,Punjab,Kapurthala,4638.6554621848745
2023,Punjab,Ludhiana,5073.359073359074
2023,Punjab,Ludhiana,5073.359073359074
2023,Punjab,Malerkotla,5622.641509433962
2023,Punjab,Malerkotla,5622.641509433962
2023,Punjab,Mansa,4597.014925373134
2023,Punjab,Mansa,4597.014925373134
2023,Punjab,Moga,5169.398907103825
2023,Punjab,Moga,5169.398907103825
2023,Punjab,Pathankot,3966.666666666667
2023,Punjab,Pathankot,3966.666666666667
2023,Punjab,Patiala,4504.273504273505
2023,Punjab,Patiala,4504.273504273505
2023,Punjab,Rupnagar,4121.951219512195
2023,Punjab,Rupnagar,4121.951219512195
2023,Punjab,S.A.S Nagar,3970.5882352941176
2023,Punjab,S.A.S Nagar,3970.5882352941176
2023,Punjab,Sangrur,5167.364016736401
2023,Punjab,Sangrur,5167.364016736401
2023,Punjab,Shahid Bhagat Singh Nagar,4634.920634920635
2023,Punjab,Shahid Bhagat Singh Nagar,4634.920634920635
2023,Punjab,Sri Muktsar Sahib,4063.8297872340427
2023,Punjab,Sri Muktsar Sahib,4063.8297872340427
2023,Punjab,Tarn Taran,4245.714285714285
2023,Punjab,Tarn Taran,4245.714285714285
2023,Rajasthan,Banswara,1000.0
2023,Rajasthan,Banswara,1000.0
2023,Rajasthan,Baran,2794.1176470588234
2023,Rajasthan,Baran,2794.1176470588234
2023,Rajasthan,Bharatpur,2000.0
2023,Rajasthan,Bharatpur,2000.0
2023,Rajasthan,Bhilwara,1000.0
2023,Rajasthan,Bhilwara,1000.0
2023,Rajasthan,Bundi,3155.5555555555557
2023,Rajasthan,Bundi,3155.5555555555557
2023,Rajasthan,Chittorgarh,2000.0
2023,Rajasthan,Chittorgarh,2000.0
2023,Rajasthan,Dungarpur,909.0909090909091
2023,Rajasthan,Dungarpur,909.0909090909091
2023,Rajasthan,Ganganagar,3285.7142857142853
2023,Rajasthan,Ganganagar,3285.7142857142853
2023,Rajasthan,Hanumangarh,3750.0
2023,Rajasthan,Hanumangarh,3750.0
2023,Rajasthan,Jhalawar,2111.1111111111113
2023,Rajasthan,Jhalawar,2111.1111111111113
2023,Rajasthan,Karauli,1000.0
2023,Rajasthan,Karauli,1000.0
2023,Rajasthan,Kota,3000.0
2023,Rajasthan,Kota,3000.0
2023,Rajasthan,Sawai Madhopur,2600.0
2023,Rajasthan,Sawai Madhopur,2600.0
2023,Rajasthan,Udaipur,666.6666666666667
2023,Rajasthan,Udaipur,666.6666666666667
2023,Sikkim,East District,1500.0
2023,Sikkim,East District,1500.0
2023,Sikkim,North District,1000.0
2023,Sikkim,North District,1000.0
2023,Sikkim,Pakyong,1500.0
2023,Sikkim,Pakyong,1500.0
2023,Sikkim,Soreng,1000.0
2023,Sikkim,Soreng,1000.0
2023,Sikkim,South District,1000.0
2023,Sikkim,South District,1000.0
2023,Tamil Nadu,Ariyalur,2375.0
2023,Tamil Nadu,Ariyalur,4000.0
2023,Tamil Nadu,Ariyalur,3458.3333333333335
2023,Tamil Nadu,Chengalpattu,3578.9473684210525
2023,Tamil Nadu,Chengalpattu,3866.666666666667
2023,Tamil Nadu,Chengalpattu,3789.4736842105262
2023,Tamil Nadu,Chengalpattu,3754.7169811320755
2023,Tamil Nadu,Coimbatore,inf
2023,Tamil Nadu,Coimbatore,inf
2023,Tamil Nadu,Cuddalore,3283.3333333333335
2023,Tamil Nadu,Cuddalore,3258.823529411765
2023,Tamil Nadu,Cuddalore,4142.857142857142
2023,Tamil Nadu,Cuddalore,3309.2105263157896
2023,Tamil Nadu,Dharmapuri,2500.0
2023,Tamil Nadu,Dharmapuri,4312.5
2023,Tamil Nadu,Dharmapuri,5000.0
2023,Tamil Nadu,Dharmapuri,4200.0
2023,Tamil Nadu,Dindigul,2666.666666666667
2023,Tamil Nadu,Dindigul,4400.0
2023,Tamil Nadu,Dindigul,3250.0
2023,Tamil Nadu,Dindigul,3583.3333333333335
2023,Tamil Nadu,Erode,3142.8571428571427
2023,Tamil Nadu,Erode,4214.285714285714
2023,Tamil Nadu,Erode,3666.666666666667
2023,Tamil Nadu,Erode,3791.666666666667
2023,Tamil Nadu,Kallakurichi,3133.3333333333335
2023,Tamil Nadu,Kallakurichi,4000.0
2023,Tamil Nadu,Kallakurichi,3750.0
2023,Tamil Nadu,Kallakurichi,3732.142857142857
2023,Tamil Nadu,Kanchipuram,3277.777777777778
2023,Tamil Nadu,Kanchipuram,3461.5384615384614
2023,Tamil Nadu,Kanchipuram,4684.210526315789
2023,Tamil Nadu,Kanchipuram,3938.775510204082
2023,Tamil Nadu,Kanniyakumari,3333.3333333333335
2023,Tamil Nadu,Kanniyakumari,4200.0
2023,Tamil Nadu,Kanniyakumari,3642.8571428571427
2023,Tamil Nadu,Karur,3714.2857142857138
2023,Tamil Nadu,Karur,inf
2023,Tamil Nadu,Karur,3375.0
2023,Tamil Nadu,Krishnagiri,3500.0
2023,Tamil Nadu,Krishnagiri,4428.571428571428
2023,Tamil Nadu,Krishnagiri,4333.333333333334
2023,Tamil Nadu,Krishnagiri,4333.333333333333
2023,Tamil Nadu,Madurai,3500.0
2023,Tamil Nadu,Madurai,4000.0
2023,Tamil Nadu,Madurai,3615.3846153846152
2023,Tamil Nadu,Madurai,3818.181818181818
2023,Tamil Nadu,Mayiladuthurai,2933.3333333333335
2023,Tamil Nadu,Mayiladuthurai,2777.777777777778
2023,Tamil Nadu,Mayiladuthurai,2853.6585365853657
2023,Tamil Nadu,Nagapattinam,2128.205128205128
2023,Tamil Nadu,Nagapattinam,2864.406779661017
2023,Tamil Nadu,Nagapattinam,2571.4285714285716
2023,Tamil Nadu,Namakkal,4000.0
2023,Tamil Nadu,Namakkal,3750.0
2023,Tamil Nadu,Namakkal,2000.0
2023,Tamil Nadu,Namakkal,4200.0
2023,Tamil Nadu,Perambalur,inf
2023,Tamil Nadu,Perambalur,4000.0
2023,Tamil Nadu,Perambalur,3500.0
2023,Tamil Nadu,Perambalur,4000.0
2023,Tamil Nadu,Pudukkottai,3615.3846153846152
2023,Tamil Nadu,Pudukkottai,2986.6666666666665
2023,Tamil Nadu,Pudukkottai,4000.0
2023,Tamil Nadu,Pudukkottai,3109.8901098901097
2023,Tamil Nadu,Ramanathapuram,2093.75
2023,Tamil Nadu,Ramanathapuram,inf
2023,Tamil Nadu,Ramanathapuram,2101.5625
2023,Tamil Nadu,Ranipet,3600.0
2023,Tamil Nadu,Ranipet,4000.0
2023,Tamil Nadu,Ranipet,3846.153846153846
2023,Tamil Nadu,Ranipet,3760.0
2023,Tamil Nadu,Salem,2000.0
2023,Tamil Nadu,Salem,4454.545454545455
2023,Tamil Nadu,Salem,4500.0
2023,Tamil Nadu,Salem,4285.714285714285
2023,Tamil Nadu,Sivaganga,2500.0
2023,Tamil Nadu,Sivaganga,2314.285714285714
2023,Tamil Nadu,Sivaganga,5000.0
2023,Tamil Nadu,Sivaganga,2369.8630136986303
2023,Tamil Nadu,Tenkasi,2666.666666666667
2023,Tamil Nadu,Tenkasi,3550.0
2023,Tamil Nadu,Tenkasi,3272.7272727272725
2023,Tamil Nadu,Tenkasi,3416.666666666667
2023,Tamil Nadu,Thanjavur,3229.5081967213114
2023,Tamil Nadu,Thanjavur,3317.7570093457944
2023,Tamil Nadu,Thanjavur,3333.3333333333335
2023,Tamil Nadu,Thanjavur,3259.4142259414225
2023,Tamil Nadu,Theni,3875.0
2023,Tamil Nadu,Theni,4400.0
2023,Tamil Nadu,Theni,3500.0
2023,Tamil Nadu,Theni,4000.0
2023,Tamil Nadu,Thiruvallur,3384.6153846153843
2023,Tamil Nadu,Thiruvallur,2913.0434782608695
2023,Tamil Nadu,Thiruvallur,3777.777777777778
2023,Tamil Nadu,Thiruvallur,3221.153846153846
2023,Tamil Nadu,Thiruvarur,2422.018348623853
2023,Tamil Nadu,Thiruvarur,3022.7272727272725
2023,Tamil Nadu,Thiruvarur,3833.3333333333335
2023,Tamil Nadu,Thiruvarur,2766.1290322580644
2023,Tamil Nadu,Tiruchirappalli,3000.0
2023,Tamil Nadu,Tiruchirappalli,4000.0000000000005
2023,Tamil Nadu,Tiruchirappalli,4000.0
2023,Tamil Nadu,Tiruchirappalli,3767.4418604651164
2023,Tamil Nadu,Tirunelveli,3250.0
2023,Tamil Nadu,Tirunelveli,4588.235294117647
2023,Tamil Nadu,Tirunelveli,4545.454545454545
2023,Tamil Nadu,Tirunelveli,4406.25
2023,Tamil Nadu,Tirupathur,4000.0
2023,Tamil Nadu,Tirupathur,4500.0
2023,Tamil Nadu,Tirupathur,3000.0
2023,Tamil Nadu,Tirupathur,3625.0
2023,Tamil Nadu,Tiruppur,4000.0
2023,Tamil Nadu,Tiruppur,4750.0
2023,Tamil Nadu,Tiruppur,4000.0
2023,Tamil Nadu,Tiruppur,4428.571428571428
2023,Tamil Nadu,Tiruvannamalai,3468.75
2023,Tamil Nadu,Tiruvannamalai,3739.130434782609
2023,Tamil Nadu,Tiruvannamalai,4045.4545454545455
2023,Tamil Nadu,Tiruvannamalai,3717.5141242937852
2023,Tamil Nadu,Tuticorin,2500.0
2023,Tamil Nadu,Tuticorin,2000.0
2023,Tamil Nadu,Tuticorin,2714.285714285714
2023,Tamil Nadu,Tuticorin,2700.0
2023,Tamil Nadu,Vellore,3250.0
2023,Tamil Nadu,Vellore,4000.0
2023,Tamil Nadu,Vellore,4000.0
2023,Tamil Nadu,Vellore,3300.0
2023,Tamil Nadu,Villupuram,3312.5
2023,Tamil Nadu,Villupuram,3886.7924528301883
2023,Tamil Nadu,Villupuram,3250.0
2023,Tamil Nadu,Villupuram,3702.3809523809523
2023,Tamil Nadu,Virudhunagar,2500.0
2023,Tamil Nadu,Virudhunagar,2772.7272727272725
2023,Tamil Nadu,Virudhunagar,3000.0
2023,Tamil Nadu,Virudhunagar,2821.428571428571
2023,Telangana,Adilabad,3000.0
2023,Telangana,Adilabad,3000.0
2023,Telangana,Bhadradri Kothagudem,3317.4603174603176
2023,Telangana,Bhadradri Kothagudem,3400.0
2023,Telangana,Bhadradri Kothagudem,3340.909090909091
2023,Telangana,Hanumakonda,3947.368421052632
2023,Telangana,Hanumakonda,3653.061224489796
2023,Telangana,Hanumakonda,3801.8867924528304
2023,Telangana,Jagitial,3816.666666666667
2023,Telangana,Jagitial,3819.672131147541
2023,Telangana,Jagitial,3818.1818181818185
2023,Telangana,Jangoan,2482.3529411764707
2023,Telangana,Jangoan,2671.232876712329
2023,Telangana,Jangoan,2553.459119496855
2023,Telangana,Jayashankar Bhupalapally,3488.3720930232557
2023,Telangana,Jayashankar Bhupalapally,3676.4705882352937
2023,Telangana,Jayashankar Bhupalapally,3571.4285714285716
2023,Telangana,Jogulamba Gadwal,2968.75
2023,Telangana,Jogulamba Gadwal,2714.285714285714
2023,Telangana,Jogulamba Gadwal,2867.9245283018868
2023,Telangana,Kamareddy,4419.354838709677
2023,Telangana,Kamareddy,4220.0
2023,Telangana,Kamareddy,4334.821428571428
2023,Telangana,Karimnagar,3747.663551401869
2023,Telangana,Karimnagar,3861.111111111111
2023,Telangana,Karimnagar,3809.302325581395
2023,Telangana,Khammam,3336.363636363636
2023,Telangana,Khammam,2976.7441860465115
2023,Telangana,Khammam,3241.830065359477
2023,Telangana,Kumuram Bheem Asifabad,3090.909090909091
2023,Telangana,Kumuram Bheem Asifabad,3125.0
2023,Telangana,Kumuram Bheem Asifabad,3000.0
2023,Telangana,Mahabubabad,3200.0
2023,Telangana,Mahabubabad,3226.4150943396226
2023,Telangana,Mahabubabad,3233.5766423357663
2023,Telangana,Mahabubnagar,3906.6666666666665
2023,Telangana,Mahabubnagar,2847.8260869565215
2023,Telangana,Mahabubnagar,3495.8677685950415
2023,Telangana,Mancherial,3500.0
2023,Telangana,Mancherial,3166.666666666667
2023,Telangana,Mancherial,3365.3846153846152
2023,Telangana,Medak,3811.965811965812
2023,Telangana,Medak,3528.3018867924525
2023,Telangana,Medak,3677.1300448430493
2023,Telangana,Medchal Malkajgiri,3857.142857142857
2023,Telangana,Medchal Malkajgiri,3333.3333333333335
2023,Telangana,Medchal Malkajgiri,3615.3846153846152
2023,Telangana,Mulugu,2800.0
2023,Telangana,Mulugu,2904.761904761905
2023,Telangana,Mulugu,2839.285714285714
2023,Telangana,Nagarkurnool,3431.034482758621
2023,Telangana,Nagarkurnool,3191.489361702128
2023,Telangana,Nagarkurnool,3333.333333333333
2023,Telangana,Nalgonda,3710.659898477157
2023,Telangana,Nalgonda,3447.0588235294117
2023,Telangana,Nalgonda,3585.8310626702996
2023,Telangana,Narayanpet,3492.3076923076924
2023,Telangana,Narayanpet,2914.893617021277
2023,Telangana,Narayanpet,3249.9999999999995
2023,Telangana,Nirmal,3358.490566037736
2023,Telangana,Nirmal,3297.872340425532
2023,Telangana,Nirmal,3320.0
2023,Telangana,Nizamabad,4155.688622754491
2023,Telangana,Nizamabad,4278.10650887574
2023,Telangana,Nizamabad,4217.261904761905
2023,Telangana,Peddapalli,3719.5121951219517
2023,Telangana,Peddapalli,4098.765432098765
2023,Telangana,Peddapalli,3932.0987654320984
2023,Telangana,Rajanna Sircilla,4309.859154929578
2023,Telangana,Rajanna Sircilla,4309.859154929578
2023,Telangana,Rajanna Sircilla,4309.859154929578
2023,Telangana,Ranga Reddy,3599.9999999999995
2023,Telangana,Ranga Reddy,3456.5217391304345
2023,Telangana,Ranga Reddy,3580.0
2023,Telangana,Sangareddy,4050.8474576271187
2023,Telangana,Sangareddy,3500.0
2023,Telangana,Sangareddy,3811.8811881188117
2023,Telangana,Siddipet,3560.810810810811
2023,Telangana,Siddipet,3566.4335664335667
2023,Telangana,Siddipet,3563.5738831615117
2023,Telangana,Suryapet,3534.4827586206898
2023,Telangana,Suryapet,3393.548387096774
2023,Telangana,Suryapet,3457.575757575758
2023,Telangana,Vikarabad,2830.188679245283
2023,Telangana,Vikarabad,3027.027027027027
2023,Telangana,Vikarabad,2868.131868131868
2023,Telangana,Wanaparthy,3780.8219178082195
2023,Telangana,Wanaparthy,3410.25641025641
2023,Telangana,Wanaparthy,3619.469026548673
2023,Telangana,Warangal,3490.566037735849
2023,Telangana,Warangal,3571.4285714285716
2023,Telangana,Warangal,3536.842105263158
2023,Telangana,Yadadri Bhuvanagiri,3596.638655462185
2023,Telangana,Yadadri Bhuvanagiri,3462.18487394958
2023,Telangana,Yadadri Bhuvanagiri,3529.4117647058824
2023,The Dadra And Nagar Haveli And Daman And Diu,Dadra And Nagar Haveli,2062.5
2023,The Dadra And Nagar Haveli And Daman And Diu,Dadra And Nagar Haveli,2062.5
2023,The Dadra And Nagar Haveli And Daman And Diu,Daman,3000.0
2023,The Dadra And Nagar Haveli And Daman And Diu,Daman,3000.0
2023,Tripura,Dhalai,2814.814814814815
2023,Tripura,Dhalai,4000.0
2023,Tripura,Dhalai,2857.142857142857
2023,Tripura,Gomati,3260.869565217391
2023,Tripura,Gomati,3333.3333333333335
2023,Tripura,Gomati,3263.157894736842
2023,Tripura,Khowai,3352.941176470588
2023,Tripura,Khowai,3333.3333333333335
2023,Tripura,Khowai,3304.3478260869565
2023,Tripura,North Tripura,2960.0
2023,Tripura,North Tripura,2960.0
2023,Tripura,Sepahijala,3518.5185185185182
2023,Tripura,Sepahijala,3421.0526315789475
2023,Tripura,Sepahijala,3456.5217391304345
2023,Tripura,South Tripura,3346.153846153846
2023,Tripura,South Tripura,3538.4615384615386
2023,Tripura,South Tripura,3435.8974358974356
2023,Tripura,Unakoti,3210.5263157894738
2023,Tripura,Unakoti,3210.5263157894738
2023,Tripura,West Tripura,3375.0
2023,Tripura,West Tripura,3375.0
2023,Tripura,West Tripura,3333.3333333333335
2023,Uttar Pradesh,Agra,2333.3333333333335
2023,Uttar Pradesh,Agra,2333.3333333333335
2023,Uttar Pradesh,Aligarh,2547.6190476190477
2023,Uttar Pradesh,Aligarh,inf
2023,Uttar Pradesh,Aligarh,2571.4285714285716
2023,Uttar Pradesh,Ambedkar Nagar,2934.579439252336
2023,Uttar Pradesh,Ambedkar Nagar,2934.579439252336
2023,Uttar Pradesh,Amethi,2805.3097345132746
2023,Uttar Pradesh,Amethi,2805.3097345132746
2023,Uttar Pradesh,Amroha,2600.0
2023,Uttar Pradesh,Amroha,2600.0
2023,Uttar Pradesh,Auraiya,3155.5555555555557
2023,Uttar Pradesh,Auraiya,3086.9565217391305
2023,Uttar Pradesh,Ayodhya,3042.105263157895
2023,Uttar Pradesh,Ayodhya,3042.105263157895
2023,Uttar Pradesh,Azamgarh,2319.796954314721
2023,Uttar Pradesh,Azamgarh,2319.796954314721
2023,Uttar Pradesh,Baghpat,2800.0
2023,Uttar Pradesh,Baghpat,2800.0
2023,Uttar Pradesh,Bahraich,2868.75
2023,Uttar Pradesh,Bahraich,2868.75
2023,Uttar Pradesh,Ballia,2416.6666666666665
2023,Uttar Pradesh,Ballia,2416.6666666666665
2023,Uttar Pradesh,Balrampur,2976.3779527559054
2023,Uttar Pradesh,Balrampur,2976.3779527559054
2023,Uttar Pradesh,Banda,2408.1632653061224
2023,Uttar Pradesh,Banda,2408.1632653061224
2023,Uttar Pradesh,Barabanki,3000.0
2023,Uttar Pradesh,Barabanki,3000.0
2023,Uttar Pradesh,Bareilly,2894.7368421052633
2023,Uttar Pradesh,Bareilly,5000.0
2023,Uttar Pradesh,Bareilly,2889.6103896103896
2023,Uttar Pradesh,Basti,2544.1176470588234
2023,Uttar Pradesh,Basti,inf
2023,Uttar Pradesh,Basti,2540.1459854014597
2023,Uttar Pradesh,Bhadohi,3230.7692307692305
2023,Uttar Pradesh,Bhadohi,inf
2023,Uttar Pradesh,Bhadohi,3230.7692307692305
2023,Uttar Pradesh,Bijnor,2641.509433962264
2023,Uttar Pradesh,Bijnor,2641.509433962264
2023,Uttar Pradesh,Budaun,2189.4736842105262
2023,Uttar Pradesh,Budaun,2189.4736842105262
2023,Uttar Pradesh,Bulandshahr,2755.813953488372
2023,Uttar Pradesh,Bulandshahr,inf
2023,Uttar Pradesh,Bulandshahr,2755.813953488372
2023,Uttar Pradesh,Chandauli,3584.9056603773583
2023,Uttar Pradesh,Chandauli,3584.9056603773583
2023,Uttar Pradesh,Chitrakoot,2200.0
2023,Uttar Pradesh,Chitrakoot,2200.0
2023,Uttar Pradesh,Deoria,2325.3968253968255
2023,Uttar Pradesh,Deoria,2333.3333333333335
2023,Uttar Pradesh,Etah,2578.9473684210525
2023,Uttar Pradesh,Etah,2578.9473684210525
2023,Uttar Pradesh,Etawah,3200.0
2023,Uttar Pradesh,Etawah,3200.0
2023,Uttar Pradesh,Farrukhabad,3307.6923076923076
2023,Uttar Pradesh,Farrukhabad,3307.6923076923076
2023,Uttar Pradesh,Fatehpur,2712.5
2023,Uttar Pradesh,Fatehpur,2712.5
2023,Uttar Pradesh,Firozabad,2913.0434782608695
2023,Uttar Pradesh,Firozabad,2956.5217391304345
2023,Uttar Pradesh,Gautam Buddha Nagar,2857.142857142857
2023,Uttar Pradesh,Gautam Buddha Nagar,2857.142857142857
2023,Uttar Pradesh,Ghaziabad,2625.0
2023,Uttar Pradesh,Ghaziabad,2625.0
2023,Uttar Pradesh,Ghazipur,2675.675675675676
2023,Uttar Pradesh,Ghazipur,2675.675675675676
2023,Uttar Pradesh,Gonda,2646.153846153846
2023,Uttar Pradesh,Gonda,2646.153846153846
2023,Uttar Pradesh,Gorakhpur,2878.3783783783783
2023,Uttar Pradesh,Gorakhpur,inf
2023,Uttar Pradesh,Gorakhpur,2865.771812080537
2023,Uttar Pradesh,Hapur,2526.315789473684
2023,Uttar Pradesh,Hapur,2526.315789473684
2023,Uttar Pradesh,Hardoi,2753.5211267605637
2023,Uttar Pradesh,Hardoi,inf
2023,Uttar Pradesh,Hardoi,2760.56338028169
2023,Uttar Pradesh,Hathras,2636.3636363636365
2023,Uttar Pradesh,Hathras,2636.3636363636365
2023,Uttar Pradesh,Jalaun,inf
2023,Uttar Pradesh,Jalaun,inf
2023,Uttar Pradesh,Jaunpur,2815.6028368794327
2023,Uttar Pradesh,Jaunpur,2815.6028368794327
2023,Uttar Pradesh,Jhansi,2222.222222222222
2023,Uttar Pradesh,Jhansi,2222.222222222222
2023,Uttar Pradesh,Kannauj,3157.8947368421054
2023,Uttar Pradesh,Kannauj,3157.8947368421054
2023,Uttar Pradesh,Kanpur Dehat,3307.6923076923076
2023,Uttar Pradesh,Kanpur Dehat,3307.6923076923076
2023,Uttar Pradesh,Kanpur Nagar,3133.3333333333335
2023,Uttar Pradesh,Kanpur Nagar,3133.3333333333335
2023,Uttar Pradesh,Kasganj,2687.5
2023,Uttar Pradesh,Kasganj,2687.5
2023,Uttar Pradesh,Kaushambi,3000.0
2023,Uttar Pradesh,Kaushambi,3000.0
2023,Uttar Pradesh,Kheri,3023.529411764706
2023,Uttar Pradesh,Kheri,3666.666666666667
2023,Uttar Pradesh,Kheri,3034.6820809248557
2023,Uttar Pradesh,Kushi Nagar,2571.4285714285716
2023,Uttar Pradesh,Kushi Nagar,2571.4285714285716
2023,Uttar Pradesh,Lalitpur,3000.0
2023,Uttar Pradesh,Lalitpur,3000.0
2023,Uttar Pradesh,Lucknow,2549.0196078431372
2023,Uttar Pradesh,Lucknow,2549.0196078431372
2023,Uttar Pradesh,Maharajganj,2766.4670658682635
2023,Uttar Pradesh,Maharajganj,3750.0
2023,Uttar Pradesh,Maharajganj,2783.625730994152
2023,Uttar Pradesh,Mahoba,inf
2023,Uttar Pradesh,Mahoba,inf
2023,Uttar Pradesh,Mainpuri,2966.666666666667
2023,Uttar Pradesh,Mainpuri,2966.666666666667
2023,Uttar Pradesh,Mathura,2062.5
2023,Uttar Pradesh,Mathura,2062.5
2023,Uttar Pradesh,Mau,2024.3902439024391
2023,Uttar Pradesh,Mau,2024.3902439024391
2023,Uttar Pradesh,Meerut,2571.428571428571
2023,Uttar Pradesh,Meerut,2571.428571428571
2023,Uttar Pradesh,Mirzapur,3000.0
2023,Uttar Pradesh,Mirzapur,3000.0
2023,Uttar Pradesh,Moradabad,2934.065934065934
2023,Uttar Pradesh,Moradabad,3000.0
2023,Uttar Pradesh,Moradabad,2934.782608695652
2023,Uttar Pradesh,Muzaffarnagar,2583.3333333333335
2023,Uttar Pradesh,Muzaffarnagar,2583.3333333333335
2023,Uttar Pradesh,Pilibhit,2423.076923076923
2023,Uttar Pradesh,Pilibhit,3600.0
2023,Uttar Pradesh,Pilibhit,2507.1428571428573
2023,Uttar Pradesh,Pratapgarh,2268.817204301075
2023,Uttar Pradesh,Pratapgarh,2268.817204301075
2023,Uttar Pradesh,Prayagraj,3143.8356164383563
2023,Uttar Pradesh,Prayagraj,inf
2023,Uttar Pradesh,Prayagraj,3150.6849315068494
2023,Uttar Pradesh,Rae Bareli,2892.857142857143
2023,Uttar Pradesh,Rae Bareli,2892.857142857143
2023,Uttar Pradesh,Rampur,2939.393939393939
2023,Uttar Pradesh,Rampur,3428.5714285714284
2023,Uttar Pradesh,Rampur,2964.0287769784177
2023,Uttar Pradesh,Saharanpur,2462.9629629629626
2023,Uttar Pradesh,Saharanpur,2462.9629629629626
2023,Uttar Pradesh,Sambhal,2775.0
2023,Uttar Pradesh,Sambhal,inf
2023,Uttar Pradesh,Sambhal,2731.707317073171
2023,Uttar Pradesh,Sant Kabeer Nagar,2825.5813953488373
2023,Uttar Pradesh,Sant Kabeer Nagar,inf
2023,Uttar Pradesh,Sant Kabeer Nagar,2848.837209302326
2023,Uttar Pradesh,Shahjahanpur,3130.6532663316584
2023,Uttar Pradesh,Shahjahanpur,3600.0
2023,Uttar Pradesh,Shahjahanpur,3142.156862745098
2023,Uttar Pradesh,Shamli,2842.1052631578946
2023,Uttar Pradesh,Shamli,inf
2023,Uttar Pradesh,Shamli,2750.0
2023,Uttar Pradesh,Shravasti,2500.0
2023,Uttar Pradesh,Shravasti,inf
2023,Uttar Pradesh,Shravasti,2512.4999999999995
2023,Uttar Pradesh,Siddharth Nagar,2807.4534161490683
2023,Uttar Pradesh,Siddharth Nagar,2813.664596273292
2023,Uttar Pradesh,Sitapur,2896.774193548387
2023,Uttar Pradesh,Sitapur,2896.774193548387
2023,Uttar Pradesh,Sonbhadra,2483.8709677419356
2023,Uttar Pradesh,Sonbhadra,2483.8709677419356
2023,Uttar Pradesh,Sultanpur,3250.0
2023,Uttar Pradesh,Sultanpur,3250.0
2023,Uttar Pradesh,Unnao,2119.565217391304
2023,Uttar Pradesh,Unnao,2119.565217391304
2023,Uttar Pradesh,Varanasi,3042.553191489362
2023,Uttar Pradesh,Varanasi,3042.553191489362
2023,Uttarakhand,Almora,1285.7142857142856
2023,Uttarakhand,Almora,1285.7142857142856
2023,Uttarakhand,Bageshwar,1538.4615384615383
2023,Uttarakhand,Bageshwar,1538.4615384615383
2023,Uttarakhand,Chamoli,1600.0
2023,Uttarakhand,Chamoli,1600.0
2023,Uttarakhand,Champawat,2000.0
2023,Uttarakhand,Champawat,2000.0
2023,Uttarakhand,Dehradun,2250.0
2023,Uttarakhand,Dehradun,2250.0
2023,Uttarakhand,Haridwar,2266.666666666667
2023,Uttarakhand,Haridwar,2266.666666666667
2023,Uttarakhand,Nainital,3363.6363636363635
2023,Uttarakhand,Nainital,3363.6363636363635
2023,Uttarakhand,Pauri Garhwal,1333.3333333333335
2023,Uttarakhand,Pauri Garhwal,1333.3333333333335
2023,Uttarakhand,Pithoragarh,1333.3333333333335
2023,Uttarakhand,Pithoragarh,1333.3333333333335
2023,Uttarakhand,Rudra Prayag,1500.0
2023,Uttarakhand,Rudra Prayag,1500.0
2023,Uttarakhand,Tehri Garhwal,2428.5714285714284
2023,Uttarakhand,Tehri Garhwal,2428.5714285714284
2023,Uttarakhand,Udam Singh Nagar,3194.4444444444443
2023,Uttarakhand,Udam Singh Nagar,3521.7391304347825
2023,Uttarakhand,Udam Singh Nagar,3276.9230769230767
2023,Uttarakhand,Uttar Kashi,1909.090909090909
2023,Uttarakhand,Uttar Kashi,1909.090909090909
2023,West Bengal,24 Paraganas North,3150.326797385621
2023,West Bengal,24 Paraganas North,3629.032258064516
2023,West Bengal,24 Paraganas North,3293.0232558139537
2023,West Bengal,24 Paraganas South,2595.541401273885
2023,West Bengal,24 Paraganas South,3913.4615384615386
2023,West Bengal,24 Paraganas South,2918.8544152744626
2023,West Bengal,Alipurduar,2526.881720430107
2023,West Bengal,Alipurduar,3142.8571428571427
2023,West Bengal,Alipurduar,2570.0
2023,West Bengal,Bankura,2860.714285714286
2023,West Bengal,Bankura,3846.153846153846
2023,West Bengal,Bankura,3046.3768115942025
2023,West Bengal,Birbhum,3231.660231660232
2023,West Bengal,Birbhum,3617.021276595745
2023,West Bengal,Birbhum,3334.277620396601
2023,West Bengal,Coochbehar,2688.311688311688
2023,West Bengal,Coochbehar,3666.666666666667
2023,West Bengal,Coochbehar,2820.224719101124
2023,West Bengal,Darjeeling,2458.3333333333335
2023,West Bengal,Darjeeling,2000.0
2023,West Bengal,Darjeeling,2520.0
2023,West Bengal,Dinajpur Dakshin,2783.43949044586
2023,West Bengal,Dinajpur Dakshin,3685.1851851851848
2023,West Bengal,Dinajpur Dakshin,3028.5714285714284
2023,West Bengal,Dinajpur Uttar,2885.416666666667
2023,West Bengal,Dinajpur Uttar,3115.3846153846152
2023,West Bengal,Dinajpur Uttar,2946.5020576131687
2023,West Bengal,Hooghly,3112.994350282486
2023,West Bengal,Hooghly,3322.033898305085
2023,West Bengal,Hooghly,3165.2542372881358
2023,West Bengal,Howrah,2482.7586206896553
2023,West Bengal,Howrah,3121.212121212121
2023,West Bengal,Howrah,2714.285714285714
2023,West Bengal,Jalpaiguri,2681.41592920354
2023,West Bengal,Jalpaiguri,3000.0
2023,West Bengal,Jalpaiguri,2697.478991596639
2023,West Bengal,Jhargram,2786.206896551724
2023,West Bengal,Jhargram,3137.931034482759
2023,West Bengal,Jhargram,2844.8275862068967
2023,West Bengal,Kalimpong,1500.0
2023,West Bengal,Kalimpong,1500.0
2023,West Bengal,Maldah,2858.156028368795
2023,West Bengal,Maldah,4155.172413793104
2023,West Bengal,Maldah,3236.180904522613
2023,West Bengal,Medinipur East,2648.5355648535565
2023,West Bengal,Medinipur East,3718.5185185185182
2023,West Bengal,Medinipur East,3037.4331550802135
2023,West Bengal,Medinipur West,2994.6236559139784
2023,West Bengal,Medinipur West,3525.5102040816328
2023,West Bengal,Medinipur West,3177.816901408451
2023,West Bengal,Murshidabad,3022.7272727272725
2023,West Bengal,Murshidabad,3402.439024390244
2023,West Bengal,Murshidabad,3155.642023346303
2023,West Bengal,Nadia,3155.963302752293
2023,West Bengal,Nadia,3441.176470588235
2023,West Bengal,Nadia,3265.536723163842
2023,West Bengal,Paschim Bardhaman,2695.6521739130435
2023,West Bengal,Paschim Bardhaman,3000.0
2023,West Bengal,Paschim Bardhaman,2600.0
2023,West Bengal,Purba Bardhaman,3384.401114206128
2023,West Bengal,Purba Bardhaman,3797.6190476190477
2023,West Bengal,Purba Bardhaman,3516.129032258065
2023,West Bengal,Purulia,2052.3560209424086
2023,West Bengal,Purulia,2000.0
2023,West Bengal,Purulia,2052.0833333333335
